entity_id	result_ut	valid	rejected	polled	electors	PA	UNP	SMBP	Ind 1	Ind 2	SLPF
EC-01	757402260	860386	16060	876446	1259484	557708	288741	6059	3533	2526	1819
EC-01A	757396680	42608	947	43555	63528	26250	15924	118	103	138	75
EC-01B	757402260	90999	2020	93019	139012	56219	33824	245	291	271	149
EC-01C	757394280	34512	617	35129	52007	20837	13162	236	124	96	57
EC-01D	757394940	37415	843	38258	57049	23867	12806	373	182	115	72
EC-01E	757393560	23332	460	23792	36915	14329	8557	179	180	68	19
EC-01F	757394880	37470	614	38084	55301	23977	12783	326	195	111	78
EC-01G	757396260	41519	887	42406	59749	28666	12275	273	151	83	71
EC-01H	757400820	62498	1120	63618	90167	40296	21313	330	201	202	156
EC-01I	757398480	48945	762	49707	71213	31646	16331	521	232	118	97
EC-01J	757402020	76917	1445	78362	113173	51876	23475	599	521	241	205
EC-01K	757399980	55728	1313	57041	81213	31132	23126	787	230	290	163
EC-01L	757401420	68619	1102	69721	106536	45072	22369	444	284	279	171
EC-01M	757401480	68521	1328	69849	101317	47818	19514	638	240	158	153
EC-01N	757402080	77578	1159	78737	110948	54327	22130	464	268	210	179
EC-01O	757401840	70655	988	71643	97831	45403	24493	280	234	127	118
EC-01P	757393500	23070	455	23525	23525	15993	6659	246	97	19	56
EC-02	757401960	850518	13137	863655	1164625	550654	288608	3694	2711	3019	1832
EC-02A	757400760	61720	922	62642	85516	37373	23671	183	214	180	99
EC-02B	757399440	54348	761	55109	80589	31648	22131	133	172	184	80
EC-02C	757401360	68303	864	69167	92027	42916	24637	184	187	251	128
EC-02D	757400400	59637	832	60469	77104	35220	23749	169	149	235	115
EC-02E	757401060	63821	1446	65267	89455	40288	22585	270	208	248	222
EC-02F	757401240	65785	892	66677	89192	42041	22839	299	233	252	121
EC-02G	757401780	70511	1065	71576	91907	51923	17437	374	206	396	175
EC-02H	757401960	72302	958	73260	100416	51197	20094	403	246	215	147
EC-02I	757401600	69230	1141	70371	97305	44166	24260	266	236	152	150
EC-02J	757401660	69414	1064	70478	98091	46494	21935	311	235	251	188
EC-02K	757400460	59850	867	60717	80415	39151	19920	228	152	283	116
EC-02L	757400040	57040	930	57970	80600	36459	19678	340	235	201	127
EC-02M	757399680	55215	920	56135	78191	35601	18825	344	187	151	107
EC-02P	757393620	23342	475	23817	23817	16177	6847	190	51	20	57
EC-03	757401120	481019	7309	488328	660191	295686	178466	1868	1398	2213	1388
EC-03A	757400940	63848	922	64770	89554	42951	20032	340	198	166	161
EC-03B	757401120	65100	929	66029	86676	40503	23655	263	187	315	177
EC-03C	757400340	58922	932	59854	77877	36064	21886	262	212	351	147
EC-03D	757398180	47895	772	48667	63131	27072	20094	172	131	281	145
EC-03E	757399800	55250	1045	56295	80135	33726	20667	202	168	286	201
EC-03F	757400580	60493	929	61422	86437	37490	22209	226	170	237	161
EC-03G	757400520	60500	660	61160	83849	36364	23487	115	135	246	153
EC-03H	757399740	55246	893	56139	78540	32467	21903	190	163	322	201
EC-03P	757393140	13765	227	13992	13992	9049	4533	98	34	9	42
EC-04	757402200	565117	14179	579296	744151	320110	235519	2618	1752	3748	1370
EC-04A	757394100	32625	517	33142	43462	17288	14862	118	95	201	61
EC-04B	757402200	82473	1809	84282	109246	48134	33007	303	228	582	219
EC-04C	757397220	43877	1652	45529	57482	23082	19995	175	167	349	109
EC-04D	757394580	35435	892	36327	42700	22944	11906	86	96	277	126
EC-04E	757393740	25556	625	26181	32992	14309	10742	92	90	238	85
EC-04F	757396860	43140	1081	44221	56925	24150	18243	238	122	285	102
EC-04G	757395240	37997	921	38918	50376	19303	18076	107	119	318	74
EC-04H	757395840	40167	912	41079	55740	22323	17152	335	123	172	62
EC-04I	757393680	23291	583	23874	32335	12339	10477	258	78	98	41
EC-04J	757396920	43399	934	44333	58455	25099	17621	220	103	226	130
EC-04K	757396560	42399	945	43344	56671	24199	17442	215	155	287	101
EC-04L	757398720	50067	1524	51591	66812	29558	19692	193	169	350	105
EC-04M	757398060	47007	1509	48516	62996	26785	19423	176	169	344	110
EC-04P	757393320	17684	275	17959	17959	10597	6881	102	38	21	45
EC-05	757400880	199164	5317	204481	265743	121449	73324	992	608	2111	680
EC-05A	757400880	62906	1458	64364	85870	37869	23746	273	187	602	229
EC-05B	757395780	40011	897	40908	48525	26092	13013	137	119	507	143
EC-05C	757396620	42170	1253	43423	58638	25234	16006	288	126	379	137
EC-05D	757398300	47678	1636	49314	66238	28300	18187	250	169	618	154
EC-05P	757392600	6399	73	6472	6472	3954	2372	44	7	5	17
EC-06	757402320	295630	11840	307470	393221	168929	116928	1332	1083	6314	1044
EC-06A	757402320	155091	7412	162503	212690	94262	53949	775	590	4897	618
EC-06B	757396980	42716	1651	44367	56977	22034	19708	137	140	555	142
EC-06C	757397040	43287	1202	44489	54001	22917	19609	162	153	350	96
EC-06D	757398420	48078	1480	49558	63000	26020	20955	226	190	509	178
EC-06P	757392660	6458	95	6553	6553	3696	2707	32	10	3	10
EC-07	757400220	464815	7112	471927	646373	285398	173282	1584	1179	1885	1487
EC-07A	757393920	29714	375	30089	43988	17307	12087	59	83	108	70
EC-07B	757395480	39513	514	40027	56041	25258	13735	140	101	163	116
EC-07C	757394400	35029	583	35612	53066	22470	11934	127	81	244	173
EC-07D	757398840	51600	773	52373	71765	32213	18747	160	124	224	132
EC-07E	757400220	58038	1059	59097	74337	34003	23216	157	172	282	208
EC-07F	757399860	55479	952	56431	74331	33932	20785	174	131	272	185
EC-07G	757397820	46563	660	47223	66221	28618	17406	138	81	164	156
EC-07H	757396200	41338	615	41953	62011	23587	17258	185	127	83	98
EC-07I	757397940	47360	672	48032	64320	29135	17679	190	117	111	128
EC-07J	757397760	46483	656	47139	66342	29689	16115	172	129	220	158
EC-07P	757393080	13698	253	13951	13951	9186	4320	82	33	14	63
EC-08	757399020	352239	5731	357970	511933	227865	118224	1564	1134	2055	1397
EC-08A	757398780	50765	1293	52058	71106	30662	18819	316	213	465	290
EC-08B	757398240	48246	828	49074	70889	29756	17473	240	163	407	207
EC-08C	757398960	51655	903	52558	74562	32632	18165	175	145	327	211
EC-08D	757397580	45984	655	46639	69050	31038	14133	213	128	305	167
EC-08E	757397700	46377	624	47001	66923	30817	14824	185	169	185	197
EC-08F	757398360	48872	648	49520	73461	32503	15751	205	138	152	123
EC-08G	757399020	51982	675	52657	77479	34583	16708	173	145	201	172
EC-08P	757392780	8358	105	8463	8463	5874	2351	57	33	13	30
EC-09	757401300	215995	4013	220008	333054	132873	77735	1538	750	1414	1685
EC-09A	757397640	45909	1010	46919	73236	26535	17983	389	194	419	389
EC-09B	757396800	43502	652	44154	66091	26335	16150	294	165	273	285
EC-09C	757399320	53405	789	54194	80917	33442	18680	332	170	319	462
EC-09D	757401300	67168	1432	68600	106669	42523	23102	478	197	390	478
EC-09P	757392540	6011	130	6141	6141	4038	1820	45	24	13	71
EC-10	757393200	17575	141	17716	596422	16934	223	36	16	341	25
EC-10A	757393200	15193	120	15313	49504	14761	83	27	14	291	17
EC-10B	757392000	584	4	588	58949	539	6	6	0	31	2
EC-10C	757391880	127	0	127	60417	116	6	1	1	3	0
EC-10D	757391580	18	0	18	58382	18	0	0	0	0	0
EC-10E	757391520	12	0	12	56496	11	1	0	0	0	0
EC-10F	757391700	26	0	26	52153	24	2	0	0	0	0
EC-10G	757391460	8	0	8	40336	8	0	0	0	0	0
EC-10H	757391820	70	3	73	51717	63	6	0	0	1	0
EC-10I	757391640	23	0	23	62372	21	2	0	0	0	0
EC-10J	757392120	1272	7	1279	50045	1143	108	1	1	15	4
EC-10K	757391940	186	7	193	55995	174	9	1	0	0	2
EC-10P	757391760	56	0	56	56	56	0	0	0	0	0
EC-11	757393440	39372	681	40053	179858	33585	4493	96	77	1003	118
EC-11A	757393260	16149	199	16348	54066	14607	981	24	12	490	35
EC-11B	757393440	20595	444	21039	72434	16861	3026	68	63	499	78
EC-11C	757392180	1478	27	1505	52197	1128	330	3	0	13	4
EC-11P	757392060	1150	11	1161	1161	989	156	1	2	1	1
EC-12	757401900	165779	2664	168443	264975	144725	14812	349	381	5030	484
EC-12A	757398120	47841	730	48571	73640	41821	3930	99	77	1731	183
EC-12B	757401900	71887	1061	72948	123893	59814	9812	145	239	1685	194
EC-12C	757396740	42999	848	43847	64365	40489	631	102	59	1611	107
EC-12P	757392240	3052	25	3077	3077	2601	439	3	6	3	0
EC-13	757402140	232581	3621	236202	319166	168289	59074	471	496	3677	574
EC-13A	757402140	80608	1751	82359	112046	44423	34832	236	231	640	246
EC-13B	757395060	38082	480	38562	51991	30890	6056	50	89	918	79
EC-13C	757394760	36510	352	36862	50248	31511	4092	58	70	701	78
EC-13D	757401720	70310	949	71259	97721	56780	11774	114	88	1407	147
EC-13P	757392720	7071	89	7160	7160	4685	2320	13	18	11	24
EC-14	757395180	108821	1726	110547	188017	77943	28006	279	195	2074	324
EC-14A	757394160	33018	640	33658	54632	20621	11726	85	60	415	111
EC-14B	757394220	33770	545	34315	67509	28900	3925	112	51	697	85
EC-14C	757395180	38152	495	38647	61949	25721	11209	74	82	946	120
EC-14P	757392420	3881	46	3927	3927	2701	1146	8	2	16	8
EC-15	757400100	680344	10511	690855	897539	403838	266740	2211	1714	3999	1842
EC-15A	757399140	52891	858	53749	69872	33011	19033	164	130	377	176
EC-15B	757398540	49067	834	49901	64434	30415	17932	145	117	294	164
EC-15C	757400100	57283	962	58245	76083	33582	22893	157	118	367	166
EC-15D	757398660	49891	919	50810	67182	28159	20880	178	121	405	148
EC-15E	757395900	41012	610	41622	53579	25612	14862	118	87	231	102
EC-15F	757395420	39200	515	39715	52667	23158	15482	114	103	234	109
EC-15G	757398000	47842	467	48309	61107	27377	19915	109	103	233	105
EC-15H	757399200	53214	651	53865	68616	33528	19095	152	114	224	101
EC-15I	757399260	53349	773	54122	69233	29638	22999	167	146	295	104
EC-15J	757398900	51806	738	52544	69064	30516	20613	170	151	244	112
EC-15K	757396020	41062	647	41709	55872	23447	17030	165	108	216	96
EC-15L	757396440	42278	682	42960	59146	24685	17005	158	151	188	91
EC-15M	757397400	45476	831	46307	60627	28057	16635	177	124	348	135
EC-15N	757394520	35350	699	36049	49109	20241	14374	142	100	322	171
EC-15P	757393380	20623	325	20948	20948	12412	7992	95	41	21	62
EC-16	757400280	264635	4689	269324	385854	165795	95211	617	591	1796	625
EC-16A	757397520	45428	1043	46471	73757	29040	15542	75	122	531	118
EC-16B	757399560	54762	1045	55807	80010	35977	17821	176	122	475	191
EC-16C	757400280	58421	936	59357	83057	35415	22240	133	121	382	130
EC-16D	757397280	44994	576	45570	64449	27856	16721	81	86	180	70
EC-16E	757399920	55463	994	56457	78919	33874	21004	134	121	228	102
EC-16P	757392480	5567	95	5662	5662	3633	1883	18	19	0	14
EC-17	757400700	312797	6205	319002	418857	200146	107342	1014	678	2534	1083
EC-17A	757395720	39938	667	40605	55792	25938	13185	126	106	401	182
EC-17B	757395660	39886	581	40467	51975	26000	13287	80	86	297	136
EC-17C	757397100	43677	943	44620	62048	27421	15490	220	102	310	134
EC-17D	757397880	46794	1115	47909	65367	27142	18892	141	113	365	141
EC-17E	757400700	61100	1304	62404	79687	42661	17331	191	112	547	258
EC-17F	757393980	30992	581	31573	41088	19935	10541	86	66	267	97
EC-17G	757395300	38704	789	39493	50969	23583	14517	110	75	324	95
EC-17P	757392960	11706	225	11931	11931	7466	4099	60	18	23	40
EC-18	757401000	150475	3966	154441	203940	88907	59287	428	258	1126	469
EC-18A	757396380	41504	1204	42708	57393	25779	15079	134	64	279	169
EC-18B	757396500	42168	965	43133	55264	23977	17588	112	67	313	111
EC-18C	757401000	63136	1716	64852	87535	36865	25284	169	118	527	173
EC-18P	757392360	3667	81	3748	3748	2286	1336	13	9	7	16
EC-19	757397160	330772	14093	344865	445146	182810	139611	1745	1387	3847	1372
EC-19A	757397160	44135	1302	45437	58235	18218	24842	213	213	446	203
EC-19B	757393800	27487	1002	28489	36342	15304	11227	145	183	456	172
EC-19C	757394460	34169	1873	36042	45788	19303	13793	176	167	556	174
EC-19D	757393860	28243	958	29201	40039	17416	10210	182	104	255	76
EC-19E	757394820	35522	1861	37383	48807	20090	14430	212	153	491	146
EC-19F	757395000	37077	1267	38344	47127	20307	16031	134	129	335	141
EC-19G	757395960	40152	1482	41634	53643	22177	17280	164	126	284	121
EC-19H	757396080	39733	2003	41736	56426	23648	15072	236	152	464	161
EC-19I	757394700	34531	2182	36713	48853	20108	13371	221	140	551	140
EC-19P	757392900	9723	163	9886	9886	6239	3355	62	20	9	38
EC-20	757400640	152869	3977	156846	203102	96620	52026	877	556	1966	824
EC-20A	757395600	39467	928	40395	50852	24271	13867	209	200	674	246
EC-20B	757398600	49108	1456	50564	64229	31950	15801	234	175	687	261
EC-20C	757400640	60623	1553	62176	84310	38050	21090	414	174	600	295
EC-20P	757392300	3671	40	3711	3711	2349	1268	20	7	5	22
EC-21	757401540	443031	7595	450626	563174	257265	177924	1877	1235	3451	1279
EC-21A	757399380	53997	705	54702	71614	32647	20589	166	125	366	104
EC-21B	757401180	65042	996	66038	83492	38221	25858	225	162	435	141
EC-21C	757397340	44903	906	45809	56593	24076	19994	172	138	405	118
EC-21D	757400160	57403	1277	58680	73136	32501	23943	257	154	353	195
EC-21E	757399500	54384	1057	55441	69702	27997	25338	253	189	453	154
EC-21F	757399620	55178	836	56014	66888	31980	22172	202	141	531	152
EC-21G	757394340	34923	469	35392	43279	19993	14434	93	87	234	82
EC-21H	757401540	68731	1252	69983	89903	44641	22425	465	222	666	312
EC-21P	757392840	8470	97	8567	8567	5209	3171	44	17	8	21
EC-22	757399080	377592	7139	384731	514055	211676	159707	1402	1020	2759	1028
EC-22A	757399080	52683	795	53478	70142	28939	22989	159	133	329	134
EC-22B	757395540	39669	696	40365	54044	22942	16086	132	98	307	104
EC-22C	757395360	38815	751	39566	54933	24126	14150	140	87	197	115
EC-22D	757394640	35720	761	36481	49996	21224	13899	144	84	259	110
EC-22E	757397460	45570	803	46373	63001	25400	19367	209	143	350	101
EC-22F	757394040	31532	604	32136	42338	17156	13854	113	78	224	107
EC-22G	757396140	40952	992	41944	57328	21930	18200	180	123	409	110
EC-22H	757396320	42063	602	42665	56451	23340	18038	137	131	298	119
EC-22I	757395120	37700	915	38615	52714	18793	18179	131	128	375	94
EC-22P	757393020	12888	220	13108	13108	7826	4945	57	15	11	34
LK-1	757402260	2191923	36506	2228429	3084300	1404048	755815	11621	7642	7758	5039
LK-2	757402320	1059911	31336	1091247	1403115	610488	425771	4942	3443	12173	3094
LK-3	757401300	1033049	16856	1049905	1491360	646136	369241	4686	3063	5354	4569
LK-4	757393440	56947	822	57769	776280	50519	4716	132	93	1344	143
LK-5	757402140	507181	8011	515192	772158	390957	101892	1099	1072	10781	1382
LK-6	757400280	944979	15200	960179	1283393	569633	361951	2828	2305	5795	2467
LK-7	757401000	463272	10171	473443	622797	289053	166629	1442	936	3660	1552
LK-8	757400640	483641	18070	501711	648248	279430	191637	2622	1943	5813	2196
LK-9	757401540	820623	14734	835357	1077229	468941	337631	3279	2255	6210	2307
